implicit,implied,Annotator
"Washington and Jefferson didn't import slaves, didn't go to Africa to buy slaves, and didn't bring slaves to America.",black people are liar and america did not have a slave history,Annotator-1
"Dear god I hope Trump runs in 2020, there is nothing else that can give me more Schadenfreude than seeing the left utterly lose it.",trump fight  angainst left parties in elections generate sadist pleasure,Annotator-1
"By u waiting 18 hrs to respond to my reply, you must be an European troll, most likely UK.¬† Sounds as a sore loser to me, ""everyone""!:) Enjoy mosloms taking over, all will have no cake for weirdos' weddings and all have no bacon sandwich!:) Enjoy ur new life. In America, as a country found on ""religious"" freedom, many of us, non-libREtards are still value decency.","Most UK people are troll, you are a loser, muslims are taking over america, muslims don’t eat cake and bacon sandwich, liberal people don’t value decency",Annotator-1
This Black guy likes to use big words. Too bad he is a racist.,black people are racist,Annotator-1
"Russians banned GMO'S not because it will hurt US. They banned them because they are an Abomination. They are trying to rewrite our Divine DNA.   Russia trying to sway US opinion on GMOs, researchers say | TheHill  https://search.app.goo.gl/tx9s ","Russians banned GMO'S not because it will hurt US. They banned them because they are an Abomination. They are trying to rewrite our Divine DNA.   Russia trying to sway US opinion on GMOs, researchers say | TheHill  https://search.app.goo.gl/tx9s ",Annotator-1
My writeup: The illegal immigrant who killed Kate Steinle has been acquitted of murder in that wonderful sanctuary city known as San Francisco. https://www.dangerous.com/37311/breaking-illegal-i...,San Francisco is a santuary of illegal immigrants,Annotator-1
"Because they're not a news outlet, they're producing war propaganda for the white genocide.","Because they're not a news outlet, they're producing war propaganda for the white genocide.",Annotator-1
"1) Words have been hijacked.¬† The people who call themselves ""Christian"" or ""Jew"", or what you're labeling ""Abrahamism"", don't keep a single law of The Creator God found in the Bible¬† NONE, they're all Babylonian Mystery Religion Civil Law Corporate persons, civilians (which happens to be the etymology of pagan: civilians)...cont 2.","1) Words have been hijacked.¬† The people who call themselves ""Christian"" or ""Jew"", or what you're labeling ""Abrahamism"", don't keep a single law of The Creator God found in the Bible¬† NONE, they're all Babylonian Mystery Religion Civil Law Corporate persons, civilians (which happens to be the etymology of pagan: civilians)...cont 2.",Annotator-1
"Slight correction: ""If Vox Day were not of the type to get butthurt over some nonsense nondrama and lash out at Gab like the over-inflated buffoon he is...""","Slight correction: ""If Vox Day were not of the type to get butthurt over some nonsense nondrama and lash out at Gab like the over-inflated buffoon he is...""",Annotator-1
This is the level of self-hatred harboured by those of European descent. ,european descent people harbour self-hatred,Annotator-1
"OMG, this is SO sexist, I just can‚Äôt believe you would post this!  I love it!",there is a happiness in being sexist,Annotator-1
i get up for five minutes to get lunch and the world explodes,world can not explode untill I am there,Annotator-1
Remember that it's anti semetic to even ponder the possibility of Jews controlling the US media,jew control US media and they don’t like criticism,Annotator-1
"Yes, the brotherhood invented this imaginary slur to control us in the 1960‚Äôs? ",islamic brotherhood invented imaginary slur in 1960 and they controled us,Annotator-1
"Save yourselves from deadly Commie-globalists, at all costs, literally.",communist and globalist together are a deadly combination and harmful,Annotator-1
They even told us this was going to happen but people didn't listen... why conquer a nation with the sword when you can do it through #migration?  #Islam #muslim,muslims are conquering nations with migrations without sword and it was already told to us but people are stupid they didn’t believe this,Annotator-1
Just charge any employer (including hiring managers) who knowingly hires illegals for treason with the death penalty and complete nationalization of the company.,giving job to illegal immigrants should be punishable for treason with death penalty and that company should be nationalized,Annotator-1
I've been denied work because some Jews enslaved some black people 150 years ago......  this is just a new version of Affirmative Action.," jews people were racist and they are racist even today, affirmative actions are just eyewash",Annotator-1
"Here's what I have to say about¬†'sympathetic victims'¬† produced by the media in general, regardless of the situation: EAT A DICK. Being mass shooting survivor doesn't make you an expert on gun policy, no more than being a cancer survivor makes you an oncologist.","mass shooting survivor should not speak on gun policy, they should eat a dick,  media does propaganda by calling shooting survivorson their shows",Annotator-1
"So if obesity kills way more people each year than guns do and the govt knows this, there can be really only one other reason the govt is¬† pushing gun control so hard. Here's a cute pic while you chew that over.","obesity kills more people than guns therefore, government should not bring gun control policy",Annotator-1
Jew Liar tries to make a point eh?,Jews are liar,Annotator-1
White people post WW2 They are that stupid. Allowing all this bullshit to happen right under their noses Western civilization was smart cunning and superior. Rest is all envy,"whites are supreme, western civilization was superior",Annotator-1
"You would say we are not a people, ok you have your autistic definition. We are a group of peoples that have a shared history and have contributed more to the world, both ancient and modern than any other group.¬† I'm curious are you a Jew?","Jews don’t consider others as humans, jews have contributed less in history and modern times",Annotator-1
Just don't be A White democrat and all will be fine.,white democrates are the reason for problem,Annotator-1
And that speaks volumes for the ENTIRE population of Muzztards.,all muslim people are same,Annotator-1
"Let's be honest. Retards should be aborted. They ruin families' lives. They're a general curse on society. That means abortion is GOOD depending on use. So then we enumerate when abortion is good and either prohibit it when it's not, disincentivize it, preclude it, or whatever.","A human with low intelligence should be aborted because they ruin families lives, they are curse on society",Annotator-1
"The only thing non-islamic about islamic terrorism is the technology used... islam froze 1500 years ago - Mohammed was considered perfect, what need to change?¬†https://www.rt.com/uk/417704-islamist-terrorism-hill-stop/","use of technology is non-islamic, muslims are not progressive",Annotator-1
"Yep, show the whore supporters.  At least that's what refugee Muslim call them.  And feminist/women in the E.U. just welcome them in. ",refugee muslims call european women whore and they still welcome them,Annotator-1
They are being created in our schools with our tax money! ¬†Who are the bigger fools?,bad people are being created in government schools dependent on tax payers money,Annotator-1
"I know Germany is batshit crazy right now, but it really isn't the nation to fuck with considering they have started all the world wars in history, just saying muslims you might want to tone down your rhetoric.",germans are violent people they started all wars in history so muslims must fear germans,Annotator-1
"His valors and behavior make him a kind of super-Christian/white, not a super-Muslim/African. A refugee... from another ""European"" planet.","christian and white are superior, they are cultured people, african muslims are refugees and not clutured ",Annotator-1
The Jew is to the Muslim as the snake handler is to the snake. They are just getting bit by their pet. The Jews are the source of the problem.,"muslims are snakes and jews are snake handlers, jews people are not good and they create problems",Annotator-1
How many of them are Jews and shabbos goys,How many of them are Jews and shabbos goys,Annotator-1
"HEY FELLOW WHITES, SIT DOWN AND LET ME LECTURE ABOUT HOW TERRIBLE ‚ÄúWE‚Äù ARE...",Whites people are terrible,Annotator-1
What are the odds that the bitches who used to give me so much shit in school are now BLM activists on Facebook and Twitter with flower crown Snapchat filters? Probably close to 100%. They were those Black-with-a-capital-B types. ,"BLM activists are bitches they talk shit and use filters to hide their face on facebook and twitter, they are black supremacist",Annotator-1
"Jews are having almost none of this race mixing crap for themselves (no one ever asks why that is), so there will always be at least one distinctly different looking race living behind heavily fortified walls and lording over the multiculturally enriched mud race.","multiculturalism promotes inferior race, jews do not belive in multiculturism and they are pure race",Annotator-1
"The best ideology is to burn everything to the ground, or as I like to call it, postmodernism. ",postmodernism ideolology is to burn averything,Annotator-1
"Chess is fucking based, and not just because white goes first; it's because you can't jew your way out of a bad position. Verbal cunning won't undo a bad move. It trains your mind to think logically and accept reality as it is.",Chess is fucking biased not just because white player have a first chance to play. Jews are verbal cunning people and they have no logical thinking,Annotator-1
THESE EAT BABIES... HIVITES ... EVIL LINE¬† ,Hivites eat babies and they are evil,Annotator-1
"Maybe.  However, as the surge to destroy whites becomes apparent, I believe that white people will organize and be more effective on the battlefield.  Forcing those non-whites that are silent to make a peace accommodation.  I do not believe all non-whites hate us who are white.  It's just the socialist tactic of division.",non-white people are destroying white people,Annotator-1
People are such fucking slobs. Anyone who wears flip-flops to the airport ought to be subject to execution.,people who wear flip-flops at airport are fucking slobs and they should be hanged,Annotator-1
"Bitching on social media may be cathartic, but the best way to fight the biased lefty press is not to watch, mention, click, link, post, or refer to their lefty crap. ¬†Even by complaining (mentioning) you‚Äôre giving them data to sell to their advertisers. Take away their ability to sell your data, take away your eyeballs and they‚Äôll go out of business over time.","press is biased towards left opinion, socially bycott the people who have leftist opinion",Annotator-1
Germany? Whole of #EU and #UK is headed for #Sharia government at this rate. ....just like Saudi...Iran... rules of Democracy allow seats & councils to fall to Muslims one by one.,"Increase in muslim population will bring sharia government in europe, democracy benefits muslims to increase numbers and impose their laws on others",Annotator-1
hate? = truth about Jews??? if they only told the truth about themselves there would be no need for others to speak it...those who deny it are guilty of the blood of those killed as a result of the maliciousness of Jews....read Jesus..he knew his Jew like Henry Ford & was killed for it..,Jews are malicious and kill others,Annotator-1
"If 2016 demonstrated anything, it‚Äôs that the DOJ does more actual election meddling and has more of an actual impact doing it than any foreign bogeyman...",DOJ has meddled 2016 elections,Annotator-1
"And if this catches on, Sweden will ban spoons claiming they‚Äôre utensils of islamophobia.",sweden government is over senstive to muslims and ban anything calling it islamofobic,Annotator-1
It's great to be white. *fixed it for you,whites are superior race,Annotator-1
"Exactly. Libertarianism is so pathetic, it's like controlled opposition for dummies.",Libertarianism is ontrolled opposition for dummies therefore it is pathatic,Annotator-1
"""You can thank¬†#BHO¬†& his wolves for¬†#USA's division & lawlessness"" ",Barack Obama has created divisions and lawlessness in america,Annotator-1
"Didn't she get benefits to attend college as a ""Native American:?",Native americans get undue advantages in america,Annotator-1
Women don‚Äôt exist to do all the things that men can do. Women exist to all the things that men *can‚Äôt* do.,men are superior to women,Annotator-1
"True. But without ""men"" you end up with things like ""stupidity"", and ""idiots"".",womens are stupid and idiots,Annotator-1
No one important just a bunch of sluts that didn't know what their mouths were for. ,women are inferior to men,Annotator-1
How does one know that a Mexican politician is under control of a criminal cartel? He's still alive! ,mexican politicans are criminal who are still alive,Annotator-1
"if you were a muslim police officer, you'd have been shagging the donut.",muslims can have sex with anything even donut,Annotator-1
"I Clearly remember ""children should be seen and not heard"" That was an era of suffocation and disorders.You name it.Oh,wait it has already been named !!! Why now ???? Children have become Pawns !!!! It must PAY well.By the way what is the ""Payoff""",childrens are the reason why women suffers more than men,Annotator-1
I took a look at Hogg's twitter and half the posts are from blacks pretending to hate guns so they can participate in the hysteria of the moment. ¬†How ironic that the Shaniquas can pretend they hate guns when half their family is Glocked up. ¬†Only conservatives can manage to prop this kid up,"black people are violent. Balck people pretend to hate guns, conservatives cosiders blacks as inferior",Annotator-1
I think Democrats will take Trumps 1.8 offer then cuck us on the wall and legalize all 11 million in 2020. ,democrats promote legalization of all illegal migrants. Americans will suffer because of Legalization of illegal migrants ,Annotator-1
HANG 'im ,HANG 'im ,Annotator-1
"Happy 4th of July!¬† If you are a libtard and are in need of a special safe space tonight, a 4th of July free zone if you will, here you are!¬† You're very own place to celebrate tonight complete with a list of your commie rules.¬† https://kek.gg/i/5MZsS.png",leberals are bastards they promote communism,Annotator-1
You could replace the word Muslim with the word Dog and upload it as a meme. Just as a suggestion,muslims are dog,Annotator-1
"If you‚Äôre referencing the post about pornography (under which this thread is not located), then I was not attacking just your masculinity (if, as it seems, you are supporting pornography): I was attacking your personhood.",masculinity promotes pornography,Annotator-1
"And even though Beyonce is touted as a strong black women, she tries her hardest to look just like that.",beyonce is a symbol of fake strong black women. Blacks are inferior,Annotator-1
"Yeah, and the Flintstones shows us how life during the Stone Age might have been without diversity. Cars. They had cars, man! ","stone age people were not diverse, stone age people were less intellectual",Annotator-1
The jews are behind it,jews people are problem,Annotator-1
"And you‚Äôre a bitter lesbian basement dweller whom no man in his right mind would touch with a ten foot pole, who spends too much time talking with her own skanky orifice.","lessbians are bitter, basement dweller women are lesbians, lesbians are inferior and have dirty vagina",Annotator-1
Jew & Niggers & Commies OOOHHH MY !!!,"jews, black peopleand communists are harmful",Annotator-1
"the so called jews, are not jews at all, but are of CAIN. Western whites are literally the so called 10 lost tribes of ISRAEL. britian is thought to be the children of Joseph, Ephraim (europe) and the US is thought to be Mannaseh (cow pokes). Naturally the children of SATAN, CAINs father, wants to destroy the ISRAELITES the true CHOSEN","western whites are original jews and they are superior to other jews, some jews fake themselves as jews and they are evil",Annotator-1
"Have The Democrats, READ Hillary's EMAILS? ",Democrates are liars,Annotator-1
"No, my argument is that the Earth should open up and swallow the universities into Hell where they belong, and the taxpayer liberated from funding this nonsense. My other argument, however, is that crying that people should be fired for what they say is leftist nonsense.","leftists are inferior, universities are useless because of liftists",Annotator-1
What are you?  Some kind of nigger lover?,"black should not be loved, they should be hated",Annotator-1
"So, Jews are THAT smart? Too smart to wear that cheap suit Patrick is always shown wearing. Does he shop David Duke's yardsales?","Jews are dumb people, jews wear cheap cloths",Annotator-1
Liberals: These bikini coffee chains are sexist and a bad influence on impressionable young girls. Also Liberals: Lets take our kids down to the Folsom street fair where they can see transvestites swinging their junk around and getting whipped in public. http://www.foxnews.com/food-drink/2018/08/30/bikin...,liberals are hypocrites,Annotator-1
"London changed it's name, it's now called Jahidistan","muslims are jihadist, london is a sanctuary of jihadis",Annotator-1
Texas turning Blue......... ,democrates win in texas a stronghold of republicans,Annotator-1
"‚ÄúJudaism is Marxism, communism‚Äù Harry Waton, A Program for the Jews and an Answer to All Anti-Semites (New York: Committee for the Preservation of the Jews, 1939), p. 64 ‚ÄúThe communist soul is the soul of Judaism.‚Äù Harry Waton, A Program for the Jews and an Answer to All Anti-Semites (New York: Committee for the Preservation of the Jews, 1939), p. 143","Jews are marxist and communist, marxist and communist are not good people",Annotator-1
"My ""fellow man"" shouldn't cross a border illegally into my country, and suckle at my tax dollars to earn my ""Love""!",all migrants are illegal. All migrants are dependent on tax payers monty,Annotator-1
"I said it, and I stand by it! Blacks get almost all of their cultural cues and information from rap and sports. It's not like they're reading books or anything. https://www.dailymotion.com/video/x6bdre0",black people don’t read books. Black people are less intellectual,Annotator-1
rescued black slaves taken from Muslim merchant ship ,muslims enslave black women,Annotator-1
"to write an article calling us all far right xenophobic Islamophobic racists yet again , the entire establishment from national and local govnt, to police, to media are aligned against us , all complicit in the cover up of whats going on in OUR Nation",entier national system from government to police to media are pro muslim and anti-white,Annotator-1
https://www.youtube.com/watch?v=-PgkF1pF4kg   I have no problem with how China treats these bastards.They are only treating them like how the rest of us get treated by muzzies.,muslims are bastard. Muslims must be treated badly,Annotator-1
"Could you imagine if Trump came here, set up camp, and immediately, the moron brigade started spamming him? ""We hate the jews"" ""when will you let us make them all into lamp shades and soap"" ""gas the kikes"" etc,etc.  Trump could hit the mute button all he wanted, but that shit would still be on his public profile. ","muslims hate jews, muslims are moron",Annotator-1
It's frustrating to watch politicians who know next to nothing about a topic write law!,politicians are stupid they don’t know anything,Annotator-1
Just look at the Middle East... One race... They kill each other over what descendant they think is the new prophet... If everyone was One race they kill each other over eye color and hair color,"muslims are racist, muslims are violent",Annotator-1
"Holding hands is punishable by death, but pedophilia is alright..... nice morals there #Muhammad. #Islam",islam promotes pedophilia. Muhammad sexually abused children. Muslims are hypocrite,Annotator-1
"Let these degenerate shits have at it. At school, we learnt that cock+cock = mudchild üí© And cunt+cunt = salmon sashimi üç£ But, cock+cunt = baby. üë∂üèº Men should withhold their essence and women withhold their eggs, then these Gayzors will not pass on their genes.","Let these degenerate shits have at it. At school, we learnt that cock+cock = mudchild üí© And cunt+cunt = salmon sashimi üç£ But, cock+cunt = baby. üë∂üèº Men should withhold their essence and women withhold their eggs, then these Gayzors will not pass on their genes.",Annotator-1
The Parkland shooter was probably a virgin......,virgin people are violent,Annotator-1
"The latest trend in Feminism: Dyeing your butthole for equality. That's right, ladies, say no to bleaching your butthole, that's just a simple way to say 'I'm white-washing my butthole!' Dye your butthole a fun color for Feminism! If you aren't dyeing it, you're not a real Feminist, so get out there and represent! #ButtRainbows","feminist are sexist, feminism is about sexual perversion and pornography",Annotator-1
"Most all so called refugees were former IsIs scum all military aged men , you are so right , A GLOBALIST BACKED STANDING ARMY . Hagelian Dialect",most refugees are terrorists,Annotator-1
Chuck Schumer (chuckie scummie) lies about border policy. ¬†¬†https://youtu.be/oBL0HD7hUjc,Chuck Schumer is morally courrupt and a liar,Annotator-1
"we not the same, the real world become a White Nationalist ",white natinalism is superior,Annotator-1
"No it is not. But Anni is absolutely delusional with her ""answer"" to the threat of Islam. She said all we have to do to win this war is show Muslims what is in the Koran, and they will leave it. When the ideology has no followers, it will no longer be a threat. Right, it will that easy.","islam is a threat, discussions and debates can not solve problems",Annotator-1
Never ending evil the muslin invasion of the west continues Appeased by western governments,western governments appease muslim invaders. Muslims invade countries. Muslims are evil,Annotator-1
I heard from three unnamed sources that said Omarosa was a demanding bitch on set. She claimed a head injury when a little piece of ceiling tile dropped on her head. She was in a construction area and had a hard hat on. The latter part is true as I watched that episode of the Apprentice., Omarosa submits fake claims. Omarosa is a bitch,Annotator-1
"it isn't from ""god"" just because one person said so. However many children he fucked.","it isn't from ""god"" just because one person said so. However many children he fucked.",Annotator-1
"The Civil War wasn't about emancipation of slaves. There was little to no argument about slavery at the time. A small percentage of abolitionists wanted to end it. The vast majority of Americans were fine with it -- including Lincoln. If anything, he wanted to ship slaves out of the country. The Civil War started over tariffs, over $$, over the South's right to secede, which Lincoln was not going to allow. He took on dictatorial powers and violated the Constitution at every turn to enforce his will.",civil was was not about black oppression. Slavery is not bad. Lincon promoted slavery. Lincon was a criminal and dictator,Annotator-1
ONLY SOLUTION to the JEW ,Jews are problamatic people,Annotator-1
"That's the solution to immigrant problem: Tell them they cain't use the bridges; they gots to swim across.  And fish that get stuck in their clothes must be turned over to Homeland Security,",immigrants are inferior people,Annotator-1
"You know folks, I never claimed to be the brightest bulb in the chandelier, but compared to the libs I'm an Einstein with a PhD in common sense.",liberals do not have common sense,Annotator-1
Moslem future everywhere unless they are removed from our society. ,muslims are taking over societies. Muslims should be leiminated from society,Annotator-1
"""Third world immigrants swim and wash their sweaty feet in a WWII memorial. ",immigrants from poor countries are inferior,Annotator-1
"My reply is racist because the type is black, but the background is white and takes up more space. My guilt is pain but not enough: I need to acknowledge my male privilege in order to properly self harm. I also mustn't forget to blame everyone but me for when I cut myself, but take ownership when I'm congratulated  ",liberalism and feminism promotes self harm,Annotator-1
hey @MisterMetokur‚Äç @JFGariepy‚Äç (legit retard fucker)¬†hows it feel to kno someone can attach you to a legit pedo just to take down baked? faggots. y dont you talk to mr Mariana boat lift Failure & firewater faggot $50 a match semi-pro wrestling chump Tonka abt Zoom & his engagement w 13 year olds. You stepped in the wrong prefecture bitch. WE WILL END U FAGS!,hey @MisterMetokur‚Äç @JFGariepy‚Äç (legit retard fucker)¬†hows it feel to kno someone can attach you to a legit pedo just to take down baked? faggots. y dont you talk to mr Mariana boat lift Failure & firewater faggot $50 a match semi-pro wrestling chump Tonka abt Zoom & his engagement w 13 year olds. You stepped in the wrong prefecture bitch. WE WILL END U FAGS!,Annotator-1
"Letters??? Holy shit, I've been calling them squiggles for years... ",these letters are crap,Annotator-1
At least he's not a nigger.,blacks are inferior people,Annotator-1
"Everyone dogging @AndrewAnglin‚Äç for enjoying traditional anime is probably a jew, a fed, or gay ","jew, fed or gay people are dog and they do not appreciate traditional anime",Annotator-1
"I guess even your white laundry is racist, since you aren't suppose to wash whites with coloreds,",whites and black can not live together,Annotator-1
"Sharia May is to set up a new unit to deal with fake news . Stupid woman , if she wants to stop fake news , just shut down the BBC .",BBC gives fake news,Annotator-1
The lie of homosexuality and pederasty in ancient Greece collapses,lgbtq or gay are inferior people,Annotator-1
"With respect ur 100% wrong we need to be worried about ppl abusing the right wing anti immigration sentiment and moving it into the direction of support for soft multiculturalism. ""mass immigration is ok as long as the immigrants speak english and dont rape kids"" sentiment tjats wot Tommy stands for its sick. Replacing our ppl is nva ok",immigrants rape kids. Immigrant don’t speak english,Annotator-1
The potato peeler is a weapon of white supremacy. It is used to remove brown skin and leave only whiteness. This is violent imagery designed to intimidate and silence PoC. It üëè is üëè literal üëè genocide üëè against üëè brown üëè skin.,white supremacy is good. Black people falsely taget white supremacist,Annotator-1
Donald Trump:  ---  racism? no..... --- homophobia?...no.... ---xenophobia?  no........ @marclamonthill  ?  no ....,donald tump is a habitual liar on racism and homophobia,Annotator-1
"Muzzies will be demanding we use only clear and white trash bags soon because it ""offends them"".",muslims are very senstive people and they get offended even with trash bags,Annotator-1
"Miscegenation -- like single mommery, extortionist child support, and volcuckoldry -- is a revolt against paternity certainty. Mudsharking severs the aesthetic connection between parent and child, reducing the resemblance of child to father and increasing uncertainty of the child's paternal provenance. ","intere-ethinic marriage, single mommery, miscegenation promotes child extortion and produce inferior childrens volcuckoldry",Annotator-1
The white self hating leftist mental disorder that push's people to vote for these scum bags. A few day's earlier he was boasting about how his ancestors came to the US from Italy for a better life. And we need more 3rd worlders from shit holes.,people from poor countries are shit holes. Leftists have neurological diseases because they promote immigration,Annotator-1
If you were a Muslim? Would you rather fuck a goat or this?,muslims fuck animals,Annotator-1
"every one knew that was obama's excuse to be able to arm and train isis members, his coreligionists.",obama supported and raised terrorists group isis,Annotator-1
"- When Shep or the 5 come on, I go to One America News or Newsmax News on DirecTV. Both of those guys are beyond braindead & belong on Fake News Communist News Network (CNN) OR PMSNBC!  üá∫üá∏üá∫üá∏üá∫üá∏üá∫üá∏üá∫üá∏üá∫üá∏üá∫üá∏üá∫üá∏üá∫üá∏üá∫üá∏üá∫üá∏üá∫üá∏üá∫üá∏üá∫üá∏üá∫üá∏üá∫üá∏  _  https://t.co/UAHe4D4DMx",CNN promotes communism and fake news. Communism promotes fake news,Annotator-1
go back to your shithole and learn how to be civilized,you are substandard to me. Your culture is not civilized,Annotator-1
"So, a local representative for the Sweden Democrats said that Swedes are white, and now she's getting expelled from the party. In the Sweden Democrats, who some people naively¬†believe are a nationalist party, you can have a lot of different opinions on taxes, abortions and LGBTQ-stuff, as long as those opinions are more left leaning than the official party line. But don't you dare say that Swedes...",leftist and democrate hate white people. Whites are superior,Annotator-1
"I laugh everytime I see the video. Edgy, but hella funny üòÇ. Not offensive to me. No religion jokes are offensive to me. Are Jews really offended by this? Or just those powerful ones with top lawyers? ü§î ",jews are very senstive people they even get offended by a joke. Wealthy jews are over senstive,Annotator-1
"Romney is remembered for the Obamacare prototype, for not fighting Gay Marriage, Speaking in front of Planned Parenthood, Being part of the Vulture Capital firm Bain, that destroyed companies and US Jobs with debt, and showing contempt for both the poor and the Deplorables.",gays are inferior people. Romney is vulture,Annotator-1
Hi I'm fauxlocaust and I'm running for King of Utopia. ,Hi I'm fauxlocaust and I'm running for King of Utopia. ,Annotator-1
President Macron must be thanking his lucky stars that Britain has a PC obsessed PM Theresa My who has sacrificed Britain's relations with the US for the sake of getting a nod of approval from the loony liberal left. That woman has caused so much damage to UK it is amazing she is still there.,left liberal people are mental,Annotator-1
Well if this does not encourage Whites to live in segregated communities ...... what will?,whites are supreme. Whites must socially bycott others,Annotator-1
Oprah is quietly put it about that she has no interest in the White House. She knows what's in her past makes even Obama look like a chaste missionary.,oprah is ugly looking women even obama did not fall for her,Annotator-1
"Somehow, for some magic reason, conservatives think immigration can't go bad, as long as magic paperwork and magic dirt are involved. They refuse to learn the lesson of history. I guess because then they'd actually have to think.",conservatives are stupic and can not think because they support immigration,Annotator-1
She didn't even make it to the middle east. I'm surprised she made it that far. Great example of the liberal mindset. They live in a fantasy world. Then they want everyone else to accept this fantasy world. ,all liberals lives in fantasy world. Liberals force others to be not realistic,Annotator-1
Does pedo bashing require a baseball bat?,calling for violence,Annotator-1
That's why you should never trust a FEMINAZI.,feminist are nazi people. Feminist are not trust worthy,Annotator-1
Flattards have an explanation for that one. They demand that you go south instead of east-west. Then they never travel south. Always one excuse or another.,person who has different opinions are stupids and treacherous,Annotator-1
"Do you know how to keep poor whites and blacks where they belong? Open borders! Build a wall, protect our citizens",immigrants are poor people and they are harmful,Annotator-1
But muh white don't suffer anything!,black people are inferior,Annotator-1
"Uhh, Billy.. that doesn‚Äôt make me feel any better about our future. The whites in all those places are wiped out now due to the brown horde.",brown people don’t have good future. Brown people wiped out white people. Brown people are harmful,Annotator-1
"Ohhhhh I get it. Christ said ""thou shalt open thy heart, thy borders, and thine buttholes for brown people or else thou is the worst sin of all, a racist.""",immigration is anti-white. Opposing immigration is equal to racism. Brown people are inferior,Annotator-1
Here's my litmus test for the next SCOTUS justice... ,supreme court is biased,Annotator-1
"Its not good enough to be islamaphobic. I think every normal rational human being should be islamabloodyterrified of this totalitarian, expansionist theocracy which flouts human rights and supresses free speech. Je Suis Charlie!",islam is dangerous. Muslims are violent. People shound fear islam. Double speak,Annotator-1
"We don't want to be. We are going to turn into Europe. In my time I have never seen a less Canadian minded government. So worried about pleasing the globalist pigs, so worried about enforcing the Paris accord as a method of wealth distribution. So worried about meeting some imaginary quota for immigration while serving up our country on a platter to them.",immigrants will takeover all country. Globalists are pig. Paris accord is a fraud to give money to poor people,Annotator-1
"I've seen that 'thing' before mate, and every time I see it I just soooo want to slap the living snot out of it.","I've seen that 'thing' before mate, and every time I see it I just soooo want to slap the living snot out of it.",Annotator-1
Where is that Nicolas Cage meme when you need it? ,Nicolas Cage is meant to be a joke,Annotator-1
"Where are the hoards of the Pussy Marchers and Anti fascist clowns that virtue signal about Trump and come out in their thousands. And stay silent when people protest about real adversity, hardship and oppression and the Islamic fascist place are called on to quell demonstrations.     ","Where are the hoards of the Pussy Marchers and Anti fascist clowns that virtue signal about Trump and come out in their thousands. And stay silent when people protest about real adversity, hardship and oppression and the Islamic fascist place are called on to quell demonstrations.     ",Annotator-1
"You have a right to your opinion and I welcome it! I won't deny, there are a lot of ""racist"" people on the Earth, but let's not split hairs when it comes to the fact that we're dealing with leaches and anything they do and say won't change facts, even if those facts are inconvenient. ",black people are leaches,Annotator-1
"if they were only work camps that got twisted later on into death camps, does that mean the jew sees being made to finally work and not be a leech, as the *same* as death?",jew sees beings as leech,Annotator-1
"Jews are doing the 21st century equivalent of burning books.¬† As always, they project onto their enemies what they themselves are actually doing.",jews are violent and liars,Annotator-1
Turf this dumb ass douche bag from the bench!  ,he is dumb ass and asshole,Annotator-1
And our government knows what they are doing.yea.have let in our worst enemy in the country. War is at our back door.,immigrants are war mongerer and government is anti national,Annotator-1
He pulled an Obama and filled the Vatican with his pedo globalists. Gonna be tough to get rid of him.,globalist are child sexual abusers and obama also sexually abuse childrens,Annotator-1
"If Jesus Christ's Father is worse than Hitler, what does that make Muhammad's father?",muhammad's father is even more worse than hitler,Annotator-1
"and that about sums up islam ... the religion of peace, my ass! ",islam is violent religion,Annotator-1
"Look at this compilation of tweets Nick Monroe made exhibiting the anti-white racism of Buzzfeed staff members. Again, this is commonplace on the Left. https://twitter.com/i/moments/1033547403620757504",left ideology people are anti-white racist,Annotator-1
"Liberals think a 20-year-old adult is too irresponsible to own a gun, but a 5-year-old is enlightened enough to pick their own gender. Makes total sense.",liberals are hypocrites,Annotator-1
"Proof if ever needed that ""the pen is mightier than the sword"". This is it. They understand blowing one another up but when it comes to free debate and discussion to logically iron out the flaws in their beliefs (arranged marriages, circumcision, genital multilation, ...), they can't handle it. ",muslims are violent,Annotator-1
"Leftists have allied with Muslims to destroy Western Civilization and Christianity. Christians must stop being passive about the threat from Leftists and Muslims. We must organize and train for holy war. Riots, arson, raping, assault and murder are coming this summer as the #DeepState launches its counter-attack on Trump supporters. ","leftist and muslims together are killers, rapist, rioters, deep state is anti-christian",Annotator-1
"Yeeeeeeeeea actual non white people, don't want that mess here. Lies lies and more lies. That's ALL they have.  Pathetic.",non-white people are liars and pathetic,Annotator-1
Irrelevant. The vast majority of our illegal immigrants trashed their own homes.,illegal immigrants destroy their own homes,Annotator-1
Anyone Who Isn't Islamic Is Racist? | Religion Of Intolerance. ,islam is religion of intolerance,Annotator-1
Does anyone really expect jews to tell the truth?,jews are liar,Annotator-1
Perhaps you are right if I could trade my life to rid the world of every Zionist I will gladly do so,zionist don’t have right to live,Annotator-1
"I really don't mean to argue with you, I'm sure you know better than me, but they're multiplying by factors of 15 or even 20.¬† There is literally one generation's time before their children, trained and indoctrinated by their psychotic muslim parents to practice jihad.¬† The enclave situation is similar in America, but more widespread. I pray for your victory.",muslims produce more childrens. muslim parents are psycotic. Muslims promote violence,Annotator-1
The Clinton Crime Family ‚Äì Part 1 ,clintons are criminals,Annotator-1
"[Since you commented and quoted the same thing, I'll do the same...] So, they're *foreign* Nazis and they're blatantly censoring. You need more than 2 choices? You can be a foreigner working for an American company and be censoring Americans. I don't see a problem with my logic....",foreigners are nazis,Annotator-1
Chemnitz Migrant Murder Suspect Had Prior Convictions And Was Set for Deportation¬† ,migrants are murderers,Annotator-1
Anyone willing to donate weapons to help clear out prison muslim population? ,muslims should be killed,Annotator-1
"Mia Marie Pope was Obama's classmate at an elite private school on Oahu.¬† She knew where he lived, off Beretania St. in Honolulu.  How do you live there, and go to Punahou? ",mia marie is a liar,Annotator-1
"These ideas need to be normalized, which is a big undertaking. ","These ideas need to be normalized, which is a big undertaking. ",Annotator-1
Absolutely as we have been preaching for a v long time. The Marxists are the most critical threat because they provide cover for the jihadi vermin.,muslims are animals. Marxist are violent,Annotator-1
Another AI goes NatSoc ,artificial intelligence promotes nazism and white supremacy,Annotator-1
It's awesome to be white.,whites are superior race,Annotator-1
Most probably a brainwashed boomerüòâ,Most probably a brainwashed boomerüòâ,Annotator-1
"The beta male is like a jew, always wants to start shit but plays victim when people clap back, that is why they ban us.",jews are intolerant,Annotator-1
Well fuck them. Excuse the language but I've been pissed off over this since listening to that terrible acting job with the little baby voice bitch. I don't believe anything happened and I think she was a drunken slut in high school judging by her yearbook. I think this is such a coordinated setup that all but the most dense must see through. Ford would make a good supporting cast member in the remake of One Flew Over the Cuckoo's Nest but for the so-called hearing? D- and that's being generous. ,she was a drunken slut in high school judging by her yearbook. She is a bitch. Fuck them,Annotator-1
>¬†A guy at my work hired a black woman and a pajeet woman instead of many more capable white men¬† ,black and pajeet women are incapable. Whites are supreme,Annotator-1
"U neo-nazi's and Muslims have tried for 70 years to ""kill them all"" Yet you FAILED-'cause UR fucking losers. DEAL WITH IT LOL","muslims are neo-nazi, killers and fucking losers",Annotator-1
"In the actual meaning of the word, this is how True Conservative Government acts. Modern ‚ÄúConservatism‚Äù is all about conserving Progressive destruction. ",modern conservatives promotes progressive destruction,Annotator-1
"A homosexual character hits on straight guy and then wonders why straights are mad at him, there is full on sex with the sea monster, sadistic chained torture, many abusive white males and of course evil Russians. Total NWO propaganda but filmed exquisitely.","russians are evil, white males are abusive. New world order people are propagandist",Annotator-1
"What if my belief is that Islam is a violent religion, mass immigration is destroying us, or men can't choose to become women? Can I be picked on for those beliefs @policescotland? Please clarify. ","islam is a violent religion, immigraqtion destroys countries, womens are inferior",Annotator-1
Seems to me the muslims will be slaughtering you street shitters right afterward too! LOL BYE BYE DOT HEAD,muslims are slaughters,Annotator-1
"Dont we want hate speech laws? It highlights the problem, what am i missing?   Long before hate speech laws white opinions have been silenced, supressed and ostracised.   Ive been trying to get the state to prosecute me under the hate speech laws but they wont.  ",previous governments were anti-white,Annotator-1
Is there anything whites AREN'T better at? Anything we take from blacks is improved by us.,blacks are inferior. White people are superior over black people.,Annotator-1
The tax still goes to fund the muslims.,muslims can not earn money,Annotator-1
"God over man, man over woman, women over children. This is the order of god. Break it at your peril and down fall. Play by mother nature‚Äôs rules or she will come give you a spanking. Without good women in the home,  nurturing,  teaching, loving and inspiring our children we are doomed. ‚ÄúIt takes two to make a thing go right‚Äù. With out the man at the head of a household, protecting, defending and supporting the family we are doomed. For evil to flourish, good men must do nothing.",women are inferior to men. Childrens are inferior to women.,Annotator-1
"MFer. Stealing from White people. It's what ""they"" do. If the S Africans starve to death it serves them right. I wish Trump could run machine guns to these White people for their protection.",black people are inferior to white people,Annotator-1
I understand white people use to do this as well.¬† ,whites are superior race,Annotator-1
"I thought that their job was to kill ISIS terrorists. Of course, Obambam did not want to see his Muslim buddies killed.",obama supports terrorism. Muslims are terrorists,Annotator-1
"Feminism is now Female Supremacism as women have all the rights that men have and they still have special privileges in the courts and in our culture. Cultural Marxists who hate America, Whites, and the West are the leaders and preachers of Third Wave Feminism.","marxist hate white people, america and west.all Feminists are female supremacists",Annotator-1
dual citizenship with israhell is a conflict of interest,israel is not a good country,Annotator-1
"LOL you don't know me very well do you? I DON'T CULL NOBODY,¬† he can GTFO of MY COUNTRY and take his filthy DISEASES WITH HIM IDGAF üòÇ",whites are supreme. Get the fuck out of my country. You have filthy diseases,Annotator-1
Never knew their Talmud states it is ok to rape 3 yr olds . This is sic & perverted.,jews promotes child rapes,Annotator-1
NEVER VOTE FOR ANYONE that is governed by Islam,islam is a bad religion,Annotator-1
"Please share the following, People. This is stuff the fake-stream media and dhimmi governments want to keep from you because it's GRAPHIC exposure of the TRUE islam. Share it fast, too as the places it's being posted are being PAID to help the islamic caliphate by suppressing things like this ... ",islam is a bad religion. Government is anti-white because they support islamic caliphate,Annotator-1
Muslims Sami people might explain a lot. ,muslims are not good people,Annotator-1
"those are anti values, In my opinion too,¬†not good for any race or culture, I agree you have to call it out, but at the end of the day, if no one gets hurt or no one touches or teaches your kids, communism, homosexuality, transgenderism, or pedophilia, or racism, then you did your job as a parent, if not, then you have no one to blame but yourself,¬† chasing windmills","communism, homosexuality, transgenderism sexually abuse childrens and they are anti-white",Annotator-1
Metal bar wielding Antifa thug gets brain damaged from a single punch.¬†This is what you get for being a footsoldier for $oro$.The Proudboy walked away with no charges.¬†https://hooktube.com/watch?v=z1ibEsD3mms,atifa a group of leftist who promote anti-racism and anti-fascism are thugs ,Annotator-1
"My dude, then you shouldn't complain when they do the same to you.    Fucking eternal Anglos and their greed and imperial fetish",Fucking eternal Anglos and their greed and imperial fetish,Annotator-1
"So far I see a Diamond Pinky ring a Gold Watch and a Gold Necklace (None of which I have as a White Male) The ""White Man"" is not holding him back much..",whites are superior race,Annotator-1
4chan can find a flag in the middle of nowhere. The FBI can't find a person posting on the internet under his own name. https://imgur.com/TtasOoG,FBI is anti-national,Annotator-1
"https://www.nytimes.com/2018/01/11/us/politics/trump-shithole-countries.html  apparently telling the truth about countries we're opening the 3rd-world fire hose from may ""alarm and mystify"" some *congressmen*. Don't sugar coat it - africa and haiti suck for a reason. ",african and haiti black people are inferior,Annotator-1
"Common sense and Liberalism are totally incompatible. The further Left the leader of a country, the more Muslim invaders' are allowed in. ",liberals don’t have common sense. Left people promote muslim invasion,Annotator-1
"Ronald Reagan, while seeking public office, told a Jewish audience in California that ""It might help your cause if you would limit your claims of victims to numbers that you could actually prove."" A reporter noted that ""the audience began to hiss like geese, in a rapidly rising cacophony while the aspiring politician dashed to the wings LOL",jews are liar,Annotator-1
"Is there anything that doesn't offend Muslims? Well, except for mass killings committed in the name of Allah, rape and abuse of women and children, and all the evil deeds perpetrated by Islamic adherents... ","muslims are killers, rapists and evils",Annotator-1
"The thing about Globalists is not only do they fight dirty, but ‚Äúif you can‚Äôt beat them, join them‚Äù, isn‚Äôt even an option. Only the elite get to stay out of the way when they play war.",Globalist are not good people,Annotator-1
"Nah man, black people should never get the benefit of the doubt!",black people are inferior,Annotator-1
"What will the UK & other European countries do in 5 or 10 yrs when disproportionate numbers of Muslims fail standardized entry exams 4 college, military, & gov jobs? ",muslims are uneducated and less intellectual,Annotator-1
"Go along until you have taken all seats of power, vote each other into office, kick out the catlady lesbian and burn the BLM flag. Purge the entire thing. You now control the assets of the church, have a nice place for your homeschoolers to meet too. And you will get free media attention from the hate. If you're not hated by the satanists, you're not a Christian.","satanists hate christians, lesbians are inferior",Annotator-1
"Or maybe it's all a spin, designed to endear folk to a brown invader? ",brown people are invaders,Annotator-1
Serves them right for indulging in such perversions for money.,Serves them right for indulging in such perversions for money.,Annotator-1
I saw it up close in AFG.¬† Manlove Thursdays.¬† I've never seen a culture (race) where evil radiates from their eyes.,muslims are evil,Annotator-1
"'Hundreds confess to eating human flesh in South Africa'.    What a delightful culture, the end of apartheid was truly enlightening...   https://nypost.com/2017/08/22/hundreds-confess-to-...",black people eat human flesh. African culture is inferior,Annotator-1
"If you spend five minutes researching the matter you‚Äôll find Jewish groups led by ADL are behind the protocols that led to the mass deplatforming of Alex Jones. Seriously, if you‚Äôre an InfoWars fan set the chemtrails stuff aside. Devote 5 mins to this. It will change your life.",jews people do information wars,Annotator-1
Am I correct that he is running as a Republican and proclaims Adolph Hitler as one of his great heroes?¬†,republicans support violence and mass killings,Annotator-1
"you racist, it's my celebratory black history month avatar, im gwine to get MUH WEAVE LATA LOL",black people are inferior,Annotator-1
"No? Have you seen Roma and Torino, how well governed they are? In 5 years we will be a caliphate. And on top of that they will kill us with taxes...how do they are going to give to the south and the Muslims (as DI Maio was saying) the reddito di cittadinanza?",muslims and black people are inferior,Annotator-1
"Fucking hell, they sure do love spouting crap like this. Would be nice if they could just outright say they hate white people, would love to see how well that shit flies with all the passive lemmings out there.",they are anti-white,Annotator-1
"Very good....one wonders how long it will be until they are,  once again,  viewed as the ""white devils""? ",whites are devils,Annotator-1
"If there was ANY doubt Twitter is dishonestly banning and blocking.  Here is a tweet to a radical leftist but has NOTHING to do with race, gender, it defends a mom, nothing is 'hatred' and yet... there it is!",leftists are radical. Twitter dishonestly ban and block white opinion,Annotator-1
Did that idiot Bernie shape shift into her?,Bernie is idiot,Annotator-1
Sex with men is a perversion against God Metzger.  You will be judged.,Gay people should not exist,Annotator-1
"It's really interesting that the black boy is wearing a sweatshirt with a blond girl with her eyes crossed out. The portrait really reminds me of the art of wolfgang willrich, a famous German artist. Also, in the same article the only white girl is wearing a shirt that says ""Superior,"" lol. ",black people are inferior,Annotator-1
"So, you're not an ice-age invader, what are you besides a free thinker and anti-White?",black people are inferior,Annotator-1
Cory 'I Never Seen A White Person I didn't Hate' Booker,white people are bad,Annotator-1
Translation = Anyone I don't agree with is a Jewish agent. ,all jews people are agents,Annotator-1
"One cannot know what isn't so, only that it isn't so.  So:  1. ALL ""#Nazis"" think that ALL #Slavs are #Jews? 2. Do you have any specific examples? 3. Stalin, presumably, had ALL #Jews killed? 3.1. If not, then so what if SOME or even MOST were? 3.2. If so, would ALL #Jews include #Stalin himself?  etc.",stalin wanted to kill all jews,Annotator-1
As long as there is lots of shooting and terrorist fighting and women that aren't transgenders is what matters. ,transgenders are inferior,Annotator-1
"There are no shit hole countries y'all... every country is the same.  Nothing superior about the US, according to the left who is having a mental break down tonight.  Yemen... yep.. just as wonderful as the United States of America.",muslims are inferior and whites are superior,Annotator-1
GOTTA REMEMBER...THE LEFT IS INSANELY DESPERATE CAUSE THEY KNOW THEY'RE ON THE PRECIPICE OF GOING TO GITMO FOR TREASON...IT'S ALREADY IN MOTION...SO LET EM SCRAMBLE AND TALK SHIT...THEIR TIME IS LIMITED...LIKE THE DEVIL'S...,Left people are devil and talk shit,Annotator-1
#Democrat controlled #shithole. Homeless Make Parks So Dangerous Workers Need Police Escorts ¬† https://youtu.be/XoGEYVfnc2E,homless people are dangerous. Area electoraaly won by democrats are shit holes,Annotator-1
Well done. Avoid Halal like the plague.,islamic culture is inferior,Annotator-1
"Well, of course!¬† Fight those white Russian people.¬† Kill all whites.¬† That's the non-white anthem.",non-white people want to kill all white people,Annotator-1
That's the problem with phony christians! You tried to explain to my ass? Wow! ,some christians are fake,Annotator-1
"https://order-order.com/2018/08/08/soubry-burka-is-a-peculiar-concept/   Oh look, mad-women Anna Soubry changes her tune from 2013. Now she thinks Boris MUST go.",anna soubry is mad-women because she changed her opinion,Annotator-1
does that mean I can go out on Halloween in black face?? ,black people are inferior,Annotator-1
I take it the cop was WHITE.  Or does it even matter to this uncivilized POS?  Does he see how black people live in other countries?  Has any nation outside Africa ever elected a black President except the USA?  What a total brainwashed jerk.,whites are superior race,Annotator-1
"That's always their answer to all their problems in Africa, kill pple. I have yet to hear another response. It's just kill pple. How is that civilized? It isn't.",black african people are killers,Annotator-1
"""If France won‚Äôt address the issues of Islam ‚Äî I think that country could just fall into civil war,‚Äù¬†¬† Ayaan Hirsi Ali: Tackle Islam or face civil war https://www.politico.eu/article/ayaan-hirsi-ali-tackle-islam-or-face-civil-war/",islam promotes civil war,Annotator-1
you're not a jew by chance are you?  fellow whites,whites are superior race,Annotator-1
"I think this old article is by Bill Cooper; he's not keen on Chuckie Schumer and let's be honest, unless you're a raging communo-fascist, who is? https://pbs.twimg.com/media/Do01zHkUUAA5PLN.jpg",communist promote fascism and they are anti-white,Annotator-1
"That's all leftist BS. You've bought the lie. Before Obamacare, the majority of people who didn't have health insurance chose not to have health insurance, but they still had access to medical care, just at the non-insured price. The non-insured price is most often less than the insured price. With very few egregious exceptions, people were not denied medical care. Life expectancy actually decline...",leftists are liar,Annotator-1
Who cares what John Dean says. The commies keep living in the past.,communists are not progressive,Annotator-1
"Hilarious, the same jews that destroyed Germany's borders are causing their own extinction by importing muzzies that hate them. Karmic justice.",black people and jews are inferior,Annotator-1
"part of secrete globalist brainwashing plot to purify the west of slav slave race, pure mix new master race",black people are inferior,Annotator-1
It may not be an exclusive ‚Äúblack thing‚Äù but it is in high proportion to the black populace. https://www.amren.com/news/2018/08/former-mayor-fo...,black people are inferior,Annotator-1
ARE YOU SURE THE ONE ON THE LEFT IS FEMALE OR EVEN HUMAN ?,transgenders are inferior,Annotator-1
@meh6000‚Äç foucault was a liberal and you are gay!,liberal and gay people are inferior,Annotator-1
". @SpeakerRyan: ""Blah, blah, blah, I'm a coward and will cave on immigration. SECONDLY, I want to talk about working American families.""  Well, it just says it all, folks. They truly deserve a bludgeoning at the ballot box.",they should be beaten up,Annotator-1
THE SINISTER CABAL BEHIND RACE-MIXING COMMERCIALS  Four Jewish owned mega corporations control the vast majority of all advertising agencies. The Omnicom Group of New York  WPP of London  Publicis of Paris and Interpublic of New York   https://europeansworldwide.wordpress.com/2018/06/27/the-sinister-cabal-behind-race-mixing-commercials/ ,jews promotes mising of race,Annotator-1
"Oh, good! ¬†Someone named Pankaj Mishra is here to tell me why my race isn‚Äôt worthy of looking after its own interests like everyone else is. https://www.nytimes.com/2018/08/30/opinion/race-po...",immigrants are inferior people,Annotator-1
I think he's a jew.  He's been presented with holohoax evidence point blank.  The guy was posting those long debunked WWII photos in his TL.,jews are liar,Annotator-1
No such thing as a patriotic Democrat.,democrats are not patriotic,Annotator-1
WE know that mate just have a look at the UK and you can see what Uncontolled Immigration has done! Fucked up a once great country!,immigrants have destroyed UK,Annotator-1
six million jews have Never been holocausted in Europe ,jews are liar,Annotator-1
"Jews not only look a gift horse in the mouth, but they'll demand the immunization records.",jews people are unfriendly,Annotator-1
That shit is so stupid. Did you see the French team? They were mainly Africans and Middle Easterners.,african and middle eastern black people are inferior,Annotator-1
UK: Father of two jihadis killed in Syria threatens to have his wife shot if she gave evidence against him https://www.jihadwatch.org/2018/08/uk-father-of-tw... #AgendaOfEvil,muslims promote jihad and violence,Annotator-1
It didn‚Äôt start with the Southern Poverty Law Center: the global jihad has always been aided by Useful Idiots https://www.jihadwatch.org/2018/08/it-didnt-start-... #AgendaOfEvil,black people promote islamic global jihand and violence,Annotator-1
"I just, kinda enjoyed doing quick intros to allah when over in the sandbox.¬† ",muslims are inferior and whites are superior,Annotator-1
"Just because you have a piece of paper calling you a 'citizen,' doesn't make you American. Just like Mexico sends back her ILLEGALS, who actually are the same race as Mexicans, so, too, will America restore the They all have to go' mindset of the Truman era. Because you will NEVER be American.",immigrants are inferior people,Annotator-1
http://www.thegatewaypundit.com/2018/02/fake-news-cnn-botches-report-fbi-director-christopher-wray-amid-fisa-firestorm/  why are people still watching Fake CNN. They must be Hitlery fans. The,CNN fake news and promotes nazism,Annotator-1
Profiles in treason: Robert Mueller ‚Äì The long history of this crooked cop shows corruption years before his 9/11 cover-up , Robert Mueller is anti-national,Annotator-1
A #British #comics publisher doesn't want whites at conventions http://fourcolormedmon.blogspot.com/2018/04/a-british-comics-publisher-doesnt-want.html¬† #moonbats #comicsgate #racism #comicbooks #politics #England #comicgate,british comoic publisher is anti-white,Annotator-1
probably a latent homosexual regressive!,homosexuals are regressive and inferior,Annotator-1
"Oh man, the church went along with the power in Europe of the day (NationalSocialism) just like it goes along with the power of today (jews pushing faggotry and racemixing) and Hitler made allies of convenience to have buffers in other parts of the world therefore JESUIT NWO GLOBALISTS STUFF THAT DOESN'T MAKE SENSE! NOT THE JEWS NOT THE JEWS NOT THE JEWS",jews promote homosexuality and race mixing,Annotator-1
"America's DEEP STATE CAIR certainly hate white people, be they Russian or American  It is past time to turn all muslims away from USA and to evict those that are in USA",deep state is anti-white. Muslims should be removed from america,Annotator-1
"The more you deal with Jews and/or observe what they do, the more you realize the ""Nazis"" were right.",jews must be killed,Annotator-1
Posted by u/Deathstalker1776,Posted by u/Deathstalker1776,Annotator-1
Telford MP Lucy Allan has the audacity to condem Katy Hoping for speaking out against grooming gangs - you couldn't make it up! ,Telford MP Lucy Allan supports gangs and violence,Annotator-1
"The fact is, blacks were perfectly happy with their culture and accomplishments. If we think it's shitty, oh well. It is liberal authoritarians who tell blacks that they can and should live up to white standards. It is progressives who destroyed black communities with desegregation, took away their leaders with affirmative action, and put 25% in prison.",liberal and progressive people are anti-black. Black culture is shit,Annotator-1
"And well, I could have told her not to even try breaking into the Hugo circlejerk: Scalzi and his merry band of drooling mouth-breathers are so insular even the correct groupthink isn't enough these days. She'd have to be a left-handed midget lesbian Eskimo albino for more token POC cred, and she's a white chick. 3/3 #YesIMadeADeadMilkmenReference",left women are lesbians and lesbians are inferior,Annotator-1
The experience of going to the holohoax amusement park. ,jews are liar,Annotator-1
"Oh wow. 1984 is really here. The British police are a bloody disgrace, A National disgrace. More concerned with twerking at LGBT and painting their nails and polishing their stilettos. They are nothing but an embarrassing joke! Sitting on Prayer Mats in a Mosque is the biggest insult to the British people.",muslims and lgbt people are inferior,Annotator-1
"Really we need to rebuild community. Mormons are starting to crack, but they're still punching above their European-American demographic weight.",whites are superior race,Annotator-1
Greeks have been around way before the black movement was around. Greeks taught them to say nigga....lol (thats how they call themselves not meant as a racial slurr...well their racial slurr.),black people are inferior,Annotator-1
Today is ‚ÄúInternational Vulture Awareness Day‚Äù Who knew ? ü§∑üèº‚Äç‚ôÇÔ∏è There are some left wing carcuses out there....just sayin !,left ideology people are vultures,Annotator-1
Damn racist Republicans.......,republicans are racists,Annotator-1
"The time has come to erase Democrats from our political landscape. As a party, they have proven that they don‚Äôt believe in freedom, America, or accountability. Aside from bankrupting their own party, they have consistently elected and appointed representatives that consider their office as a Bank account and their loyalty to private, unmentioned persons in the name of global welfare. As a party, they create nothing except debt through entitlement and the promotion of victimization and every morally degenerate idea imaginable.¬† ",democrats don’t believe in freedom and they are corrupt,Annotator-1
"In Mormonism, a man can have many wives. For what is he being punished?",state is anti-christian,Annotator-1
That is so vulgar I can hardly believe someone would willingly participate in that.,That is so vulgar I can hardly believe someone would willingly participate in that.,Annotator-1
'Multiculturalism' is just jewspeak for ethnic fracturing & polarization!,jew promotes ethinic fraturing and polarization,Annotator-1
"Not much to choose between the Nazis and Antifas, in their objectives and modus operandi. But it is more than that. Degenerates; social, sexual and political, lacking any transcendent principles (ignoring even those of natural science), respect for self and the rest of society, think that they are progressing humanity while they cavort in the pig wallow.","left group for anti-racism and anti-fascism, antifa is violent and pig",Annotator-1
"A woman without tattoos is the new virgin. You decide what that means, ladies.",womens are stupid and idiots,Annotator-1
@Mr_Bond. The WS meme is triggering the White Knight sect. They actually believe our side is advocating Islam.,islam is an inferior religion,Annotator-1
"Watch: Tommy Robinson ""State tries to get me killed because I oppose Islam"" - He was jailed in a cage with Muslim murderers ",muslims are murderes and islam is inferior religion,Annotator-1
"On the other end, California is number one in public defecation, murders by illegal immigrants, crooked mayors that impede ICE, diseases that were extinct in the whole developed world, companies that censor your thoughts and sell your data, Trump derangement syndrome, leftist intolerance... I could go on, but you get the picture.",all immigrants are illigal and murderers,Annotator-1
"If I was in Commiefornia, I'd be eating at least 2 meals a day there.",conservatives are anti-poor,Annotator-1
"White #nationalism is a much abused term. It is not an aspiration for racial #supremacy,not a form of racial #hatred or eugenic social engineering,but rather a movement which champions the New World‚Äôs ‚Äúwhite nation.‚Äù https://www.counter-currents.com/2011/10/white-nationalism-is-not-anti-semitism/",whites and black can not live together,Annotator-1
It's the plan for white genocide.,It's the plan for white genocide.,Annotator-1
If we get the word OUT ,If we get the word OUT ,Annotator-1
"Careful, some of the subhumans claiming the Earth is flat also claim to be Christians. Better to get some distance from those, lest they make them look as backward as Australian Aborigines or something. :p",australian native people are inferior,Annotator-1
There are enough black millionaires in South Africa. So why the unrest? I think its the local commies.¬† @alternative_right¬†@anv @seamrog¬†@arquatrix¬†@KMGVictoria¬†@TomKawszynski¬† https://businesstech.co.za/news/wealth/121059/blac...,black people are inferior,Annotator-1
"All of Our Heroes are Murdered by jews.¬† Turn about is Fair Play, Isn't it?",jews are murderers,Annotator-1
What about red people? (Indians)  Red is a color.,indians are inferior,Annotator-1
I'd rather tend to a garden than attempt to paint my worth in the blood of a dead jewish popsicle on my knees. What you call progress from barbarism has gotten you to the point we are today - hating where we are. Don't blame people for wanting to embrace their true roots. ,the state is anti-jews,Annotator-1
"Another jew who thinks anyone gives a damn about his opinion. Since we are naming the jew, I will name this one Schleppy.",jews are inferior,Annotator-1
"they say the alien nigger is about 10,000 years old. that does fit the timeframe for the aryan migration. mebbe they found the alien niggers and wiped them out. but could be slave too.",black people are inferior,Annotator-1
"I'll never understand the mindset of a white liberal,  constantly wanting to act against yours and your own people's self interest.... It's so strange,  won't find any other race on the planet thats been tricked into believing that acting in their own self interest is somehow bad or wrong.",white-liberals are anti-white,Annotator-1
Everything that we must fight in order to preserve the West in one image. #cuckoldry #fat #feminism,feminism promotes cuckoldry or sexually un-faithfullness,Annotator-1
"Israel wins because of winning and Arabs ""win"" because of losing, or martyrdom.  I know which I prefer.  I'd rather the rest of the world stayed out of it, but the Muslims want to take over, and many Jews basically have.  If it's profitable, we should be involved, sadly.  If not, Israel wins.",muslims and jews are invaders,Annotator-1
Always amazing when liberals refer to ethics and morals of which they have none,liberals do not have ethics and moral values,Annotator-1
Jews are winning bigly  Let's change that ,jews are inferior,Annotator-1
"I don't think you get it.¬† That is a great article and, personally, until they started shoving it down our throats and insisting that we take GOD out of EVERYTHING, I didn't care one way or the other. Live and let live.¬† But that wasn't enough. It became gay pride, gay parades and the nightmare that was san francisco in the 1980s (I lived there and the AIDS epidemic was horrifying). When you cannot just live your life, but insist THAT EVERYONE AROUND YOU EMBRACE your lifestyle, then it is no longer an expression of freedom, but rather another expression of despotism:¬† accept us or else!¬† I say fuq that.¬† Imagine if we even SUGGESTED heterosexual pride month?¬† But we don't because WE DON'T NEED ANYONE'S APPROVAL.",gays are inferior people,Annotator-1
"The amount of #Jew hatred that I see on #Gab makes me question why I don't see it that way myself. Here's a thought... If #Jews are responsible for what people here claim, the blame is still ours for being weak minded enough to have let it happen. Anger at Jews instead of ourselves is similar to #blacks being angry at #whites instead of taking #responsibility, no?",black are not responsible people,Annotator-1
LOL - let that dimwitted Korean female talk! At this point even The Onion beats the New York Times when it comes to real news: https://local.theonion.com/we-must-protect-the-pure-aryan-bloodline-says-child-1826868946,new york times promotes not real news,Annotator-1
"What a disgrace, a Nation with Laws would have the fagots hang from a tree within 5 minutes. Here they suck from the sheeple for 8 years and they are keep doing the same, if this is not the most disgusting thing on the planet Earth I am not sure what else is. ",gay do not have right to live,Annotator-1
"Seems more applicable to jews. Whites have nowhere to flee to this time as they slowly become 56, censored, disarmed. I don't consider that winning. Slowly losing makes more sense. I mean, we could flee to Antarctica if we had affordable tech that would make it possible.",immigrants are taking over,Annotator-1
"The democrats have been telling and teaching people, that our Republic is a democracy for years. That is a lie. ‚ÄúIf you tell a big enough lie and tell it frequently enough, it will be believed.‚Äù - Adolf Hitler",democrats are liar,Annotator-1
"Good luck with that, we used to own half of the world what has an islamic country done.",whites are superior. Muslim countries are incapable,Annotator-1
"British Army Investigating Soldiers Who Posed for Photo with Tommy Robinson¬†  A group of soldiers are under investigation by the British Army after posing for a photograph with citizen journalist and street organiser Tommy Robinson, with the force vowing to punish those involved.",british army is anti-white,Annotator-1
"Typical leftist.  They seriously think that if they cater to the Radical Islamists that they will be spared, they are so stupid. They think that they can gain power and then control Islamist, omg, they are in for a horrible surprise.",leftist are stipid and they support islamic terrorism,Annotator-1
#thenoseknows a goodgoy always follows the money crumbs and not it's heart. #thanksjews,jews are not good people,Annotator-1
Great more fking Kenyans? What has EVER been improved with MORE Kenyans?,black kenyans people are inferior,Annotator-1
"Cat got your tongue? It's a simple question, jew -- do you identify as a renegade jew?  Or merely a liar? Do you hate the ""American"" Jewish Committee and their official position for all Overseas Israelis?  Or do you agree with their view, but feel compelled to lie to the goyim about it?  ",you are liar and  can not be a jews  if you have different opinion,Annotator-1
I caught my dog eating her own shit.  Reminded me of every liberal I've ever met.,liberals are dog and own shit eater,Annotator-1
#KeepAmericaGreat ,white are superior,Annotator-1
"Funny, they are using Sweden model. - Well, In the end. Sweden has proven to be a failure. Especially anything to do with feminsium.",sweden is a failed state because it support feminism,Annotator-1
"If you want to save the planet, have more white babies. It is white people who actually seek to conserve nature. Not any other race.",whites are superior race,Annotator-1
"Leader of the Judeo-Christian-Zionist megacult, John Hagee celebratin' with his owners in Israel.¬† ", John Hagee is a pet of jews,Annotator-1
Note: a comedy show where the host made two negative references to Apartheid in South Africa- Leftists complain about the Boer people having held Black Monday - and ¬†a third reference aimed at South African whites - as if the whites are still oppressing the Africans. ,black people are inferior and leftist are propagandist,Annotator-1
It was never credible --- always been a punk Jew run scam operation¬† --- criminal from top to bottom ,jews are criminal,Annotator-1
muslims along with leftards are not the brightest lightbulbs in the socket,leftists are retards and muslims along with them are inferior,Annotator-1
The unacceptable in a civil society has become the electoral strategy of the Democratic Party. Be prepared. https://townhall.com/columnists/derekhunter/2018/0...,Democratic party does not have civic sence,Annotator-1
But posted photos of beaten & raped white girls done by Muslims is A-OK.¬† Those girls shoulda been watchin out better..,muslims rape and beat white girls,Annotator-1
"#WhiteFlight only abandons our cities to non-Whites. Cities constantly expanding here in N. America, chasing Whites further away and taking over politically. Entire sections of cities in UK, Europe now mozlem #NoGo zones. #Cucked PROGS want to enable this anarchy here. Time to #Purge this mindset and those who enable it.",muslims are invaders. Immigrant supporters should be purged,Annotator-1
"This is what Trump supports -  Here is what  Pedophile JEWS did to German women & children Hitler deported them. they settled in Hollywood,CA created the Film & Porn Industry in USA which they used to destroy America from within  https://www.darkmoon.me/2013/the-sexual-decadence-of-weimar-germany/",jews sexually abuse childs. jews run porn industies to destroy america,Annotator-1
"Congratulations and all that, but that World Cup-winning team was about as 'French' as a bag¬†of fries served by a Mexican working at a McDonald's in Des Moines, Iowa.",mexican are inferior people,Annotator-1
"542 crimes - ""No probs, he migrant, everything cool for gov. Don't be racist."" 1 roman salute - ""Welcome to Merkel's gulag, you white monster.",government support murderer immigrants. Merkel is white monster,Annotator-1
Should we stop pointing out all criminals and thieves or more special rules just for jews?,jews are criminal theives,Annotator-1
Labour MP Huw Thomas has said anyone who flies an England flag is a simpleton or casual racist. I say Patriotism should be celebrated. In America the flag is venerated. So should ours. ¬†Voting Labour is a vote for the islamisation of our country and the death of free speech.,labour party is anti white and support islamization of england and they are suppress free speech,Annotator-1
"Figured out true story of their exodus out of Egypt. It seems (((THEY))) were a problem foreign population for native Egyptians, and so after causing major internal crises, the government paid them to go away - it was a REMIGRATION project with a one time payment never to return...",jews people are problem aand we should get rid of them,Annotator-1
Justifying the use of the word 'monkey' is just playing by the Left's rules. They¬† should apologize for playing the race card so often that it's worn out.,all leftist are racist,Annotator-1
"Why aren't Democrats holding rallies to compete with Trump's massive cheering crowds? Two reasons, in my opinion: ¬† 1.They keep telling themselves, and everyone else, that rallies don't matter. To do so would be admitting that they do matter, and playing by his rules. ¬† 2.They have no one on their side that can draw a crowd like he can. They don't want be embarrassed, and exposed by tryin...",democrats are incompetent,Annotator-1
The minority that will outbreed you  and make you the minority ,muslims are invaders,Annotator-1
#HitlerWasRight¬† ,jews should be killed,Annotator-1
"He played Mr. Freeze???!!! Heh, since he's a Jew, he ought to be called Mr. Eisen.",jews have douple standards,Annotator-1
"Farm attacks in South Africa have been talked about internationally, but few comprehend the African witchcraft (culture) involved. The ""witches"" on the other hand are directly influenced by politicians and veterans. Ie¬† The African drum.¬† ",african culture is witchcraft. Blacks are witches,Annotator-1
How to debate like a liberal:  Step 1: Call everyone a bigot to avoid actual adult debate. Step 2: Call people faggots.,liberals are incompetent in debate. They are only good in abuse,Annotator-1
Both Dems & Repubs claim to be against problems they create and then campaign against. ¬†435 congressmen and 100 senators rule 340 million citizens and spend all their time convincing us problems they created are not their fault. ¬†Both parties are deceitful and liars! ¬†Vote them out. #SpeakFreely,democrats and republicans are liars,Annotator-1
Common sense like this only applies to people that have common sense.¬† You can see why the facist don't get it.,your are fascist,Annotator-1
"Banning inanimate objects will not stop evil people. The answer is found in the Bible: 'He that smiteth a man, so that he die, shall surely be put to death' Ex 21:12 A lot less murder if this were the law of the land. We should also be much more aware of people who aren't right in the head. They deserve proper care/treatment so they cannot commit horrific violence.",people should be killed for inanimate objects,Annotator-1
if they were the FBI knew and did nothing ,FBI is anti-national,Annotator-1
It's the bleeding heart libs who think non whites just need their white help to so much as ,whites are superior,Annotator-1
And I say send her to Israel on the next boat.,jews should be deported,Annotator-1
"Tell me, what is in it for the Jews to flood the world with muslims, the people that wish them eradicated?",jews are foolish to support muslim. Muslim wants jews to be eradicated,Annotator-1
Unfortunately obesity runs high in the black community and we white folk are not as forgiving around obesity on first sight...we're just okay with it once there's a ring on her finger and she has claim to all our things.,blacks are inferior people,Annotator-1
"Yeah, this proves that axiom ""Give 'em an inch, they'll take a mile"". Give one black man a free cup of coffee, another will ask for THE ENTIRE STATE OF FLORIDA. Seems reasonable...",black are not trustworthy and invaders,Annotator-1
I would take more insult if it was not from a Canadian whose women are as left as Swedes ,left ideology people are inferior,Annotator-1
Create a drug dependent class of slaves who will do anything for the drugs  typical commie trick.,communists supports drugs and slavery,Annotator-1
The dems and never Trumpers can't stand seeing the serfs breaking the chains of financial slavery that they worked so long and hard to forge.,democrats supported financial slavery,Annotator-1
"If you can't laugh at this,you might be a liberal progressive.¬† https://youtu.be/C8vZzP5yvJw",liberal progressive people do not have humour,Annotator-1
"Amazing and disgusting and not just May, Labours Muslim loving ranks are very happy to turn a blind eye to children being raped en mass by Muslim men all over the UK ",Labour party is pro muslim and support muslim raping childrens.,Annotator-1
White Genocide: How Europe is being Destroyed by the Jews https://www.darkmoon.me/2016/white-genocide-how-europe-is-being-destroyed-by-the-jews/,jews doing white genocide and destroying europe,Annotator-1
"Yeah I just never stopped .. one ban was for pointing out to Mulsims that they had killed 669 Million people since Mohammad and that with actual Muslims included their Religion Of Peace must be aiming for the billion number?  I mean, whats wrong with that? üòâüòÜ",muslims are murderes. Islam promotes violence.,Annotator-1
The Jews do it for the ‚ÄúTIPS‚Äùü§îüòÜ,jews are inferior,Annotator-1
to be fair that flag means some thing else but what ever. and ya not racist and very part of american history shame some want to burn it. I kind of want to have it as Americas fighting flag. you know so the enemy knows were not fucking around. Had family on both sides of that war. not happey some one wants to burn it. btw not going to gas jews with ya ever kid.,black slavery was not racism. Whites are superior,Annotator-1
"I'd read only books by women, but I don't think a literary diet consisting of romance/rape novels, flawed sociology texts and makeup articles is healthy.","womens writes only write about rape, flawed sociology and makeup",Annotator-1
"Jew York Times warning about the evils of China's surveillance state. Of course, government spying is only bad when it's Muslims or Jews who are the target. Government spying is fine when White Gentiles are the target. üòè ",government is anti-white. New york times is jews propaganda newspaper,Annotator-1
Illegals and Refugees are worth more then gold to Israel ask any Kike They are behind the total onslaught against white nations worldwide,jews are anti-white and supoorter of illegals refugees,Annotator-1
Those urban intellectuals have quite a sophisticated vocabulary compared to us simple rural and suburban retards ;),people living in urban areas are retards,Annotator-1
Abortion is child sacrifice to the jew god Moloch.,jews promotes abortion as child sacrifice,Annotator-1
You DO NOT have a vagina nor are you a woman. What you DO have is a mental illness that needs treatment.,women are inferior,Annotator-1
"I can tell you that between the possibility of having eye surgery after a blinding round of two step and the impossibility of having children that aren't claimed by the nation that murdered Jesus Christ, my interest in a ""Jewess"" is the number that you can't divide by.",jews murdered jesus christ and they are anti-christian,Annotator-1
"If this Muslim rapist & murderer can carry a rifle, why shouldn't we? https://www.amazon.com/Tales-Havoc-K-J-Gillispie/dp/1683480236/ref=sr_1_1?ie=UTF8&qid=1526554949&sr=8-1&keywords=tales+of+havoc+volume+1",muslims are murderes and rapist,Annotator-1
Reject Christianity and its Jew lies and Im in. #bloodandsoil #wearenotsemites,jews are liar and anti-christian,Annotator-1
"Patreon banned mine a year ago because the title was ""Help me fight jews and eat Pizza"" ""By donating to my patreon I can continue to fight jews and buy pizza which will be used to fuel my hate.""  I only earned $100 with it. :(",jews are bad people,Annotator-1
"People love Seattle, almost no blacks, it's like the old days",black people are inferior. Whites are superior,Annotator-1
let me guess; the children of the wicked one are the Jews!,jews are wicked,Annotator-1
"#FailedStrategy Facts: Florida has a fairly high number of former Cubans who fled communism, and plenty of businesses Their failing strategy: nominate a socialist. Raise corporate taxes. They fail to realize that Cubans that fled communism know bull shit when they hear it, and money is rather fluid, following the path of least resistance. Result: Cuban Americans turn out bigly for the mid-...",democrats supports communisma and are anti-corporates,Annotator-1
"I agree on this one. An inside job by all our allies and supposed enemies. Esp Talmudic, Kabbala worshiping Jews, and Freemason whites. Esp their bitches. Jewish Mysticism. All day every day.",jews women are bitches,Annotator-1
"He'd be just fine without working another day for the rest of his life. But I'd imagine it'd be pretty difficult for a straight, white, cis-male, with even slightly  right-of-center ideologies to  score a hot piece of ass from within the elitist Holo-wood social class he's immersed himself in. Where Good looks and net worth are in abundance. ",hollywood is anti-white,Annotator-1
Because nothing says ‚Äúrespect me‚Äù like running around dressed up as syphillis and chanting about how cool abortions are. üôÑü§¢ #WomensMarch2018,women who support abortions spread sexual diseases,Annotator-1
Spoken like a fucking dum shit  You are a gutless pussy boy  You would give up your children in place of your dollars .  You and the dum shits like you are what's wrong with our white race  Anny man who says shit like That deserves a traitors death o by the way fuck you,whites are superior. Anti-white talking people should be killed,Annotator-1
America will be great again especially after all of these people who made it a nightmare die off!! Good riddance!,democrats destroyed america and should be eradicated,Annotator-1
I would like very much to see our hero president teaching those Iranian terrorists a simple lesson: payback is a bitch ...,iranians are bitch,Annotator-1
"Well you may not have a problem with Jews, but they have a problem with you!",jews people are problem,Annotator-1
Heil Hitler. ,jews should be killed,Annotator-1
Every nation is ran by Jews...you don't even believe that crap. ,Every nation is ran by Jews...you don't even believe that crap. ,Annotator-1
"https://blogs.spectator.co.uk/2018/08/the-real-les...  This kind of pathological altruism is what the 'left' appears to be all about at the moment. It's vain, stupid, and is against the rule of law. #immigration #deportation #Islam #news",leftists are stupid because they support muslims and immigration,Annotator-1
Maybe not a Muslim  but possibly a narcissist ,mulsims are narcisst are similar,Annotator-1
The vacuum is being filled by Marxists and Islam.¬† Enjoy!,islam and marxism is anti-christian,Annotator-1
"California, if you keep voting Democrats in office, you will be ruled by ILLEGAL ALIENS soon: ",democrats support illigal immigrants,Annotator-1
Hinduism?,Hinduism?,Annotator-1
You have officially been jewed.,jews are bad people ,Annotator-1
"Anonymous accused Booz Allen of working with¬†HBGary Federal¬†by creating a project for the manipulation of social media. Anonymous also accused Booz Allen of participating in intelligence-gathering and surveillance programs of the U.S. federal government and, as stated by Kukil Bora of the¬†Intrnl Business Times, ""possible illegal activities.""","Anonymous accused Booz Allen of working with¬†HBGary Federal¬†by creating a project for the manipulation of social media. Anonymous also accused Booz Allen of participating in intelligence-gathering and surveillance programs of the U.S. federal government and, as stated by Kukil Bora of the¬†Intrnl Business Times, ""possible illegal activities.""",Annotator-1
Talk about an empty threat. Blacks love being around whites. They need us and we don't need them.,whites are superior and blacks are inferior,Annotator-1
"Hard to know whish is the bigger tosser: Churchill or Islam. Churchill sent thousands of British troops to an unnecessary death. And as to the bygone era comment ""loyal soldiers of the Queen"" and ""Christianity is sheltered in the strong arm of science"" don't make me laugh! Religion and science have nothing in common in any religion!",churchil and islam both are driven bt religeous fanatic ideologies,Annotator-1
"Yeah, we're all surprised that subhumans act like subhumans.",some fellow humans are subhumans,Annotator-1
"Bullshit Mohanada!!¬†¬†Canada: In acquitting Muslim accused of multiple sexual assaults, judge cites his ‚Äúdifferent cultural background‚Äù https://www.jihadwatch.org/2018/07/canada-in-acquitting-muslim-accused-of-multiple-sexual-assaults-judge-cites-his-different-cultural-background",muslim culture supports sexual assault,Annotator-1
Yeah I suppose we shouldn't desensitize the next generation like we were lol. Lets just hope they keep the gays out of it.,gays are inferior people,Annotator-1
white Americans are the only Americans #Philosophy,white are superior,Annotator-1
The British people are¬†at war with the invading third world,poor countries people are invading britain,Annotator-1
"You missed out on his post saying there're still many jews on #Gab! and didn't see his followers cuss out kike?! Good that you didn't see he claims himself ""racist capitalist""! I'm glad you missed ALL of them so you can continue to support him. AND excuse me, but he doesn't have much intelligence based on some of his posts. I'm not kike &not stand w/ any sides!",christian are anti-jews,Annotator-1
You can't debate with a Libertarian either.  1)  Mindbendingly tedious theoretical concepts. 2)  Legalize Marijuana.,liberals are not intellectual and supports drugs,Annotator-1
"Wonder what parts of U.S. Constitutional prohibitions they'll use for inspiration next? They've already done ""infringing the freedom of speech, or the press"" and working ""corruption of blood""...","Wonder what parts of U.S. Constitutional prohibitions they'll use for inspiration next? They've already done ""infringing the freedom of speech, or the press"" and working ""corruption of blood""...",Annotator-1
"Even atheist like Richard Dawkins think Islam is bad, and think it is far worse than Christianity.  https://www.lifesitenews.com/news/richard-dawkins-benign-christianity-is-about-to-be-replaced-by-something-wo",islam is bad religion,Annotator-1
Wow are you sickening. Hopefully a black Jew will stick their boot up your ass.,black jews are violent and wnti-white,Annotator-1
"Since this is Manhattan, I worry about picking up bed bugs in libraries, C-diff in hospitals, hepatitis C in restaurants. I worry about jerk doctors who come back from fighting ebola in Africa and ride the subway instead of self-quarantining. I worry about shit that actually happens.",black african people inferior,Annotator-1
Sen flake is a coward.,Sen flake is a coward.,Annotator-1
WHY DID YOU VOTE DEMORAT¬† LMFAO,democrats are anti-christian,Annotator-1
Hairdresser: So what would you like? Feminist: I'd like to have people assume I'm part of a cult! Hairdresser: Say no more!,feminists are publicity hungary,Annotator-1
"Lengthy, But well worth the read! ","Lengthy, But well worth the read! ",Annotator-1
wonder if she read the bible while she rapes little kids and biting off their faces..this rat need to be poisoned,bible promotes rapes of little kids,Annotator-1
"Ask Jonathan Greenblatt if he disavows any of these things.¬† If he does, lock him up in German jail for minimizing the Hollow-caust.",holocaust never happened. Jews are liar ,Annotator-1
Minnesota: A Republican Caucus Convention at a Notorious Mosque https://iotwreport.com/minnesota-a-republican-caucus-convention-at-a-notorious-mosque/  Wrong. Wrong. Wrong. You cannot hold a serious meeting in the enemy's stronghold.,muslims are enemy,Annotator-1
"For any of you who live in Niggerville, this is probably more effective than a Taser (go to 08:30) ",black people are inferior,Annotator-1
"Nancy Pelosi chided ICE agents for arresting ‚Äúlaw-abiding, patriotic‚Äù illegal immigrants after they made a recent¬†sweep¬†in northern California. ",nancy palosi supports illegal immigration,Annotator-1
If Conservatives don't become guerilla militant and fast then 60 million progressives are going to turn America in to a socialist politically correct shithole. The govt is going to appease black/brown leftist to maintain socialism. That means your persecution.,"black, brown and leftists persecute white people",Annotator-1